index,Zas,Year,Month,Quarter,ATMO_month,ATMO_quarter
0,ZAG AVIGNON,2021,1,1,2,3
1,ZAG AVIGNON,2021,2,1,3,3
2,ZAG AVIGNON,2021,3,1,3,3
3,ZAG AVIGNON,2021,4,2,1,2
4,ZAG AVIGNON,2021,5,2,1,2
5,ZAG AVIGNON,2021,6,2,2,2
6,ZAG AVIGNON,2021,7,3,1,2
7,ZAG AVIGNON,2021,8,3,1,2
8,ZAG AVIGNON,2021,9,3,2,2
9,ZAG AVIGNON,2021,10,4,2,4
10,ZAG AVIGNON,2021,11,4,2,4
11,ZAG AVIGNON,2021,12,4,4,4
12,ZAG BLDV,2021,1,1,4,4
13,ZAG BLDV,2021,2,1,2,4
14,ZAG BLDV,2021,3,1,3,4
15,ZAG BLDV,2021,4,2,3,3
16,ZAG BLDV,2021,5,2,1,3
17,ZAG BLDV,2021,6,2,2,3
18,ZAG BLDV,2021,7,3,2,2
19,ZAG BLDV,2021,8,3,2,2
20,ZAG BLDV,2021,9,3,2,2
21,ZAG BLDV,2021,10,4,2,3
22,ZAG BLDV,2021,11,4,3,3
23,ZAG BLDV,2021,12,4,2,3
24,ZAG BORDEAUX,2021,1,1,4,4
25,ZAG BORDEAUX,2021,2,1,2,4
26,ZAG BORDEAUX,2021,3,1,2,4
27,ZAG BORDEAUX,2021,4,2,1,1
28,ZAG BORDEAUX,2021,5,2,0,1
29,ZAG BORDEAUX,2021,6,2,0,1
30,ZAG BORDEAUX,2021,7,3,0,1
31,ZAG BORDEAUX,2021,8,3,0,1
32,ZAG BORDEAUX,2021,9,3,1,1
33,ZAG BORDEAUX,2021,10,4,2,4
34,ZAG BORDEAUX,2021,11,4,3,4
35,ZAG BORDEAUX,2021,12,4,4,4
36,ZAG CLERMONT-FERRAND,2021,1,1,2,2
37,ZAG CLERMONT-FERRAND,2021,2,1,2,2
38,ZAG CLERMONT-FERRAND,2021,3,1,2,2
39,ZAG CLERMONT-FERRAND,2021,4,2,1,2
40,ZAG CLERMONT-FERRAND,2021,5,2,2,2
41,ZAG CLERMONT-FERRAND,2021,6,2,1,2
42,ZAG CLERMONT-FERRAND,2021,7,3,1,1
43,ZAG CLERMONT-FERRAND,2021,8,3,1,1
44,ZAG CLERMONT-FERRAND,2021,9,3,1,1
45,ZAG CLERMONT-FERRAND,2021,10,4,0,3
46,ZAG CLERMONT-FERRAND,2021,11,4,2,3
47,ZAG CLERMONT-FERRAND,2021,12,4,3,3
48,ZAG GRENOBLE,2021,1,1,3,4
49,ZAG GRENOBLE,2021,2,1,4,4
50,ZAG GRENOBLE,2021,3,1,2,4
51,ZAG GRENOBLE,2021,4,2,1,2
52,ZAG GRENOBLE,2021,5,2,1,2
53,ZAG GRENOBLE,2021,6,2,2,2
54,ZAG GRENOBLE,2021,7,3,1,1
55,ZAG GRENOBLE,2021,8,3,0,1
56,ZAG GRENOBLE,2021,9,3,0,1
57,ZAG GRENOBLE,2021,10,4,1,3
58,ZAG GRENOBLE,2021,11,4,2,3
59,ZAG GRENOBLE,2021,12,4,3,3
60,ZAG LILLE,2021,1,1,3,4
61,ZAG LILLE,2021,2,1,2,4
62,ZAG LILLE,2021,3,1,4,4
63,ZAG LILLE,2021,4,2,3,3
64,ZAG LILLE,2021,5,2,2,3
65,ZAG LILLE,2021,6,2,2,3
66,ZAG LILLE,2021,7,3,2,2
67,ZAG LILLE,2021,8,3,0,2
68,ZAG LILLE,2021,9,3,2,2
69,ZAG LILLE,2021,10,4,3,3
70,ZAG LILLE,2021,11,4,3,3
71,ZAG LILLE,2021,12,4,3,3
72,ZAG LYON,2021,1,1,2,3
73,ZAG LYON,2021,2,1,3,3
74,ZAG LYON,2021,3,1,3,3
75,ZAG LYON,2021,4,2,2,2
76,ZAG LYON,2021,5,2,1,2
77,ZAG LYON,2021,6,2,2,2
78,ZAG LYON,2021,7,3,2,2
79,ZAG LYON,2021,8,3,2,2
80,ZAG LYON,2021,9,3,1,2
81,ZAG LYON,2021,10,4,2,3
82,ZAG LYON,2021,11,4,3,3
83,ZAG LYON,2021,12,4,3,3
84,ZAG MARSEILLE-AIX,2021,1,1,3,3
85,ZAG MARSEILLE-AIX,2021,2,1,3,3
86,ZAG MARSEILLE-AIX,2021,3,1,3,3
87,ZAG MARSEILLE-AIX,2021,4,2,1,2
88,ZAG MARSEILLE-AIX,2021,5,2,2,2
89,ZAG MARSEILLE-AIX,2021,6,2,2,2
90,ZAG MARSEILLE-AIX,2021,7,3,2,2
91,ZAG MARSEILLE-AIX,2021,8,3,2,2
92,ZAG MARSEILLE-AIX,2021,9,3,2,2
93,ZAG MARSEILLE-AIX,2021,10,4,2,4
94,ZAG MARSEILLE-AIX,2021,11,4,3,4
95,ZAG MARSEILLE-AIX,2021,12,4,4,4
96,ZAG METZ,2021,1,1,2,2
97,ZAG METZ,2021,2,1,2,2
98,ZAG METZ,2021,3,1,2,2
99,ZAG METZ,2021,4,2,2,2
100,ZAG METZ,2021,5,2,0,2
101,ZAG METZ,2021,6,2,1,2
102,ZAG METZ,2021,7,3,1,2
103,ZAG METZ,2021,8,3,0,2
104,ZAG METZ,2021,9,3,2,2
105,ZAG METZ,2021,10,4,2,2
106,ZAG METZ,2021,11,4,2,2
107,ZAG METZ,2021,12,4,2,2
108,ZAG MONTPELLIER,2021,1,1,2,2
109,ZAG MONTPELLIER,2021,2,1,2,2
110,ZAG MONTPELLIER,2021,3,1,2,2
111,ZAG MONTPELLIER,2021,4,2,2,2
112,ZAG MONTPELLIER,2021,5,2,1,2
113,ZAG MONTPELLIER,2021,6,2,2,2
114,ZAG MONTPELLIER,2021,7,3,2,2
115,ZAG MONTPELLIER,2021,8,3,2,2
116,ZAG MONTPELLIER,2021,9,3,2,2
117,ZAG MONTPELLIER,2021,10,4,1,2
118,ZAG MONTPELLIER,2021,11,4,2,2
119,ZAG MONTPELLIER,2021,12,4,2,2
120,ZAG NANCY,2021,1,1,2,3
121,ZAG NANCY,2021,2,1,3,3
122,ZAG NANCY,2021,3,1,2,3
123,ZAG NANCY,2021,4,2,2,2
124,ZAG NANCY,2021,5,2,1,2
125,ZAG NANCY,2021,6,2,2,2
126,ZAG NANCY,2021,7,3,1,2
127,ZAG NANCY,2021,8,3,0,2
128,ZAG NANCY,2021,9,3,2,2
129,ZAG NANCY,2021,10,4,2,2
130,ZAG NANCY,2021,11,4,2,2
131,ZAG NANCY,2021,12,4,2,2
132,ZAG NANTES-SAINT-NAZAIRE,2021,1,1,4,4
133,ZAG NANTES-SAINT-NAZAIRE,2021,2,1,2,4
134,ZAG NANTES-SAINT-NAZAIRE,2021,3,1,2,4
135,ZAG NANTES-SAINT-NAZAIRE,2021,4,2,2,2
136,ZAG NANTES-SAINT-NAZAIRE,2021,5,2,1,2
137,ZAG NANTES-SAINT-NAZAIRE,2021,6,2,2,2
138,ZAG NANTES-SAINT-NAZAIRE,2021,7,3,1,1
139,ZAG NANTES-SAINT-NAZAIRE,2021,8,3,0,1
140,ZAG NANTES-SAINT-NAZAIRE,2021,9,3,0,1
141,ZAG NANTES-SAINT-NAZAIRE,2021,10,4,3,3
142,ZAG NANTES-SAINT-NAZAIRE,2021,11,4,3,3
143,ZAG NANTES-SAINT-NAZAIRE,2021,12,4,2,3
144,ZAG NICE,2021,1,1,3,3
145,ZAG NICE,2021,2,1,3,3
146,ZAG NICE,2021,3,1,2,3
147,ZAG NICE,2021,4,2,1,2
148,ZAG NICE,2021,5,2,2,2
149,ZAG NICE,2021,6,2,1,2
150,ZAG NICE,2021,7,3,1,2
151,ZAG NICE,2021,8,3,2,2
152,ZAG NICE,2021,9,3,2,2
153,ZAG NICE,2021,10,4,2,2
154,ZAG NICE,2021,11,4,2,2
155,ZAG NICE,2021,12,4,2,2
156,ZAG ORLEANS,2021,1,1,3,3
157,ZAG ORLEANS,2021,2,1,2,3
158,ZAG ORLEANS,2021,3,1,3,3
159,ZAG ORLEANS,2021,4,2,4,4
160,ZAG ORLEANS,2021,5,2,0,4
161,ZAG ORLEANS,2021,6,2,0,4
162,ZAG ORLEANS,2021,7,3,0,2
163,ZAG ORLEANS,2021,8,3,0,2
164,ZAG ORLEANS,2021,9,3,2,2
165,ZAG ORLEANS,2021,10,4,2,3
166,ZAG ORLEANS,2021,11,4,3,3
167,ZAG ORLEANS,2021,12,4,2,3
168,ZAG PARIS,2021,1,1,4,4
169,ZAG PARIS,2021,2,1,2,4
170,ZAG PARIS,2021,3,1,3,4
171,ZAG PARIS,2021,4,2,2,2
172,ZAG PARIS,2021,5,2,2,2
173,ZAG PARIS,2021,6,2,1,2
174,ZAG PARIS,2021,7,3,2,2
175,ZAG PARIS,2021,8,3,2,2
176,ZAG PARIS,2021,9,3,2,2
177,ZAG PARIS,2021,10,4,2,3
178,ZAG PARIS,2021,11,4,3,3
179,ZAG PARIS,2021,12,4,2,3
180,ZAG POINTE-A-PITRE,2021,1,1,0,2
181,ZAG POINTE-A-PITRE,2021,2,1,2,2
182,ZAG POINTE-A-PITRE,2021,3,1,1,2
183,ZAG POINTE-A-PITRE,2021,4,2,2,2
184,ZAG POINTE-A-PITRE,2021,5,2,2,2
185,ZAG POINTE-A-PITRE,2021,6,2,2,2
186,ZAG POINTE-A-PITRE,2021,7,3,2,2
187,ZAG POINTE-A-PITRE,2021,8,3,2,2
188,ZAG POINTE-A-PITRE,2021,9,3,2,2
189,ZAG POINTE-A-PITRE,2021,10,4,2,2
190,ZAG POINTE-A-PITRE,2021,11,4,2,2
191,ZAG POINTE-A-PITRE,2021,12,4,0,2
192,ZAG RENNES,2021,1,1,3,3
193,ZAG RENNES,2021,2,1,2,3
194,ZAG RENNES,2021,3,1,2,3
195,ZAG RENNES,2021,4,2,3,3
196,ZAG RENNES,2021,5,2,0,3
197,ZAG RENNES,2021,6,2,2,3
198,ZAG RENNES,2021,7,3,1,2
199,ZAG RENNES,2021,8,3,0,2
200,ZAG RENNES,2021,9,3,2,2
201,ZAG RENNES,2021,10,4,2,3
202,ZAG RENNES,2021,11,4,3,3
203,ZAG RENNES,2021,12,4,2,3
204,ZAG ROUEN,2021,1,1,3,3
205,ZAG ROUEN,2021,2,1,2,3
206,ZAG ROUEN,2021,3,1,2,3
207,ZAG ROUEN,2021,4,2,2,2
208,ZAG ROUEN,2021,5,2,2,2
209,ZAG ROUEN,2021,6,2,1,2
210,ZAG ROUEN,2021,7,3,1,2
211,ZAG ROUEN,2021,8,3,0,2
212,ZAG ROUEN,2021,9,3,2,2
213,ZAG ROUEN,2021,10,4,2,2
214,ZAG ROUEN,2021,11,4,2,2
215,ZAG ROUEN,2021,12,4,2,2
216,ZAG SAINT-ETIENNE,2021,1,1,2,3
217,ZAG SAINT-ETIENNE,2021,2,1,3,3
218,ZAG SAINT-ETIENNE,2021,3,1,2,3
219,ZAG SAINT-ETIENNE,2021,4,2,1,1
220,ZAG SAINT-ETIENNE,2021,5,2,1,1
221,ZAG SAINT-ETIENNE,2021,6,2,1,1
222,ZAG SAINT-ETIENNE,2021,7,3,1,1
223,ZAG SAINT-ETIENNE,2021,8,3,1,1
224,ZAG SAINT-ETIENNE,2021,9,3,1,1
225,ZAG SAINT-ETIENNE,2021,10,4,1,2
226,ZAG SAINT-ETIENNE,2021,11,4,2,2
227,ZAG SAINT-ETIENNE,2021,12,4,2,2
228,ZAG STRASBOURG,2021,1,1,2,3
229,ZAG STRASBOURG,2021,2,1,3,3
230,ZAG STRASBOURG,2021,3,1,3,3
231,ZAG STRASBOURG,2021,4,2,2,3
232,ZAG STRASBOURG,2021,5,2,2,3
233,ZAG STRASBOURG,2021,6,2,3,3
234,ZAG STRASBOURG,2021,7,3,0,0
235,ZAG STRASBOURG,2021,8,3,0,0
236,ZAG STRASBOURG,2021,9,3,0,0
237,ZAG STRASBOURG,2021,10,4,2,2
238,ZAG STRASBOURG,2021,11,4,2,2
239,ZAG STRASBOURG,2021,12,4,2,2
240,ZAG TOULON,2021,1,1,2,2
241,ZAG TOULON,2021,2,1,2,2
242,ZAG TOULON,2021,3,1,2,2
243,ZAG TOULON,2021,4,2,1,1
244,ZAG TOULON,2021,5,2,1,1
245,ZAG TOULON,2021,6,2,1,1
246,ZAG TOULON,2021,7,3,1,2
247,ZAG TOULON,2021,8,3,2,2
248,ZAG TOULON,2021,9,3,2,2
249,ZAG TOULON,2021,10,4,1,3
250,ZAG TOULON,2021,11,4,2,3
251,ZAG TOULON,2021,12,4,3,3
252,ZAG TOULOUSE,2021,1,1,4,4
253,ZAG TOULOUSE,2021,2,1,4,4
254,ZAG TOULOUSE,2021,3,1,3,4
255,ZAG TOULOUSE,2021,4,2,1,1
256,ZAG TOULOUSE,2021,5,2,1,1
257,ZAG TOULOUSE,2021,6,2,1,1
258,ZAG TOULOUSE,2021,7,3,2,2
259,ZAG TOULOUSE,2021,8,3,1,2
260,ZAG TOULOUSE,2021,9,3,1,2
261,ZAG TOULOUSE,2021,10,4,1,4
262,ZAG TOULOUSE,2021,11,4,3,4
263,ZAG TOULOUSE,2021,12,4,4,4
264,ZAG TOURS,2021,1,1,3,3
265,ZAG TOURS,2021,2,1,2,3
266,ZAG TOURS,2021,3,1,3,3
267,ZAG TOURS,2021,4,2,3,3
268,ZAG TOURS,2021,5,2,1,3
269,ZAG TOURS,2021,6,2,1,3
270,ZAG TOURS,2021,7,3,2,2
271,ZAG TOURS,2021,8,3,1,2
272,ZAG TOURS,2021,9,3,1,2
273,ZAG TOURS,2021,10,4,2,2
274,ZAG TOURS,2021,11,4,2,2
275,ZAG TOURS,2021,12,4,2,2
276,ZAR AJACCIO,2021,1,1,0,4
277,ZAR AJACCIO,2021,2,1,4,4
278,ZAR AJACCIO,2021,3,1,2,4
279,ZAR AJACCIO,2021,4,2,0,4
280,ZAR AJACCIO,2021,5,2,0,4
281,ZAR AJACCIO,2021,6,2,4,4
282,ZAR AJACCIO,2021,7,3,2,2
283,ZAR AJACCIO,2021,8,3,1,2
284,ZAR AJACCIO,2021,9,3,2,2
285,ZAR AJACCIO,2021,10,4,0,1
286,ZAR AJACCIO,2021,11,4,0,1
287,ZAR AJACCIO,2021,12,4,1,1
288,ZAR AMIENS,2021,1,1,2,3
289,ZAR AMIENS,2021,2,1,2,3
290,ZAR AMIENS,2021,3,1,3,3
291,ZAR AMIENS,2021,4,2,2,2
292,ZAR AMIENS,2021,5,2,1,2
293,ZAR AMIENS,2021,6,2,0,2
294,ZAR AMIENS,2021,7,3,1,2
295,ZAR AMIENS,2021,8,3,0,2
296,ZAR AMIENS,2021,9,3,2,2
297,ZAR AMIENS,2021,10,4,2,2
298,ZAR AMIENS,2021,11,4,2,2
299,ZAR AMIENS,2021,12,4,2,2
300,ZAR ANGERS-LOIRE,2021,1,1,2,2
301,ZAR ANGERS-LOIRE,2021,2,1,1,2
302,ZAR ANGERS-LOIRE,2021,3,1,2,2
303,ZAR ANGERS-LOIRE,2021,4,2,2,2
304,ZAR ANGERS-LOIRE,2021,5,2,0,2
305,ZAR ANGERS-LOIRE,2021,6,2,0,2
306,ZAR ANGERS-LOIRE,2021,7,3,1,1
307,ZAR ANGERS-LOIRE,2021,8,3,0,1
308,ZAR ANGERS-LOIRE,2021,9,3,0,1
309,ZAR ANGERS-LOIRE,2021,10,4,2,2
310,ZAR ANGERS-LOIRE,2021,11,4,2,2
311,ZAR ANGERS-LOIRE,2021,12,4,2,2
312,ZAR ARRAS,2021,1,1,0,2
313,ZAR ARRAS,2021,2,1,2,2
314,ZAR ARRAS,2021,3,1,2,2
315,ZAR ARRAS,2021,4,2,2,2
316,ZAR ARRAS,2021,5,2,0,2
317,ZAR ARRAS,2021,6,2,0,2
318,ZAR ARRAS,2021,7,3,0,1
319,ZAR ARRAS,2021,8,3,0,1
320,ZAR ARRAS,2021,9,3,1,1
321,ZAR ARRAS,2021,10,4,0,0
322,ZAR ARRAS,2021,11,4,0,0
323,ZAR ARRAS,2021,12,4,0,0
324,ZAR BASTIA,2021,1,1,0,3
325,ZAR BASTIA,2021,2,1,3,3
326,ZAR BASTIA,2021,3,1,0,3
327,ZAR BASTIA,2021,4,2,1,1
328,ZAR BASTIA,2021,5,2,1,1
329,ZAR BASTIA,2021,6,2,1,1
330,ZAR BASTIA,2021,7,3,1,2
331,ZAR BASTIA,2021,8,3,2,2
332,ZAR BASTIA,2021,9,3,1,2
333,ZAR BASTIA,2021,10,4,1,1
334,ZAR BASTIA,2021,11,4,0,1
335,ZAR BASTIA,2021,12,4,0,1
336,ZAR BELFORT-MONTBELIARD,2021,1,1,2,3
337,ZAR BELFORT-MONTBELIARD,2021,2,1,3,3
338,ZAR BELFORT-MONTBELIARD,2021,3,1,3,3
339,ZAR BELFORT-MONTBELIARD,2021,4,2,1,2
340,ZAR BELFORT-MONTBELIARD,2021,5,2,2,2
341,ZAR BELFORT-MONTBELIARD,2021,6,2,0,2
342,ZAR BELFORT-MONTBELIARD,2021,7,3,1,1
343,ZAR BELFORT-MONTBELIARD,2021,8,3,0,1
344,ZAR BELFORT-MONTBELIARD,2021,9,3,0,1
345,ZAR BELFORT-MONTBELIARD,2021,10,4,2,3
346,ZAR BELFORT-MONTBELIARD,2021,11,4,2,3
347,ZAR BELFORT-MONTBELIARD,2021,12,4,3,3
348,ZAR BESANCON,2021,1,1,2,3
349,ZAR BESANCON,2021,2,1,3,3
350,ZAR BESANCON,2021,3,1,2,3
351,ZAR BESANCON,2021,4,2,1,1
352,ZAR BESANCON,2021,5,2,1,1
353,ZAR BESANCON,2021,6,2,1,1
354,ZAR BESANCON,2021,7,3,1,2
355,ZAR BESANCON,2021,8,3,1,2
356,ZAR BESANCON,2021,9,3,2,2
357,ZAR BESANCON,2021,10,4,1,2
358,ZAR BESANCON,2021,11,4,2,2
359,ZAR BESANCON,2021,12,4,2,2
360,ZAR BLOIS,2021,1,1,2,2
361,ZAR BLOIS,2021,2,1,2,2
362,ZAR BLOIS,2021,3,1,2,2
363,ZAR BLOIS,2021,4,2,4,4
364,ZAR BLOIS,2021,5,2,0,4
365,ZAR BLOIS,2021,6,2,0,4
366,ZAR BLOIS,2021,7,3,0,2
367,ZAR BLOIS,2021,8,3,0,2
368,ZAR BLOIS,2021,9,3,2,2
369,ZAR BLOIS,2021,10,4,2,2
370,ZAR BLOIS,2021,11,4,2,2
371,ZAR BLOIS,2021,12,4,2,2
372,ZAR BREST,2021,1,1,2,2
373,ZAR BREST,2021,2,1,2,2
374,ZAR BREST,2021,3,1,1,2
375,ZAR BREST,2021,4,2,2,2
376,ZAR BREST,2021,5,2,1,2
377,ZAR BREST,2021,6,2,0,2
378,ZAR BREST,2021,7,3,1,1
379,ZAR BREST,2021,8,3,0,1
380,ZAR BREST,2021,9,3,1,1
381,ZAR BREST,2021,10,4,2,2
382,ZAR BREST,2021,11,4,1,2
383,ZAR BREST,2021,12,4,2,2
384,ZAR CAEN,2021,1,1,2,2
385,ZAR CAEN,2021,2,1,2,2
386,ZAR CAEN,2021,3,1,2,2
387,ZAR CAEN,2021,4,2,1,2
388,ZAR CAEN,2021,5,2,2,2
389,ZAR CAEN,2021,6,2,2,2
390,ZAR CAEN,2021,7,3,1,2
391,ZAR CAEN,2021,8,3,0,2
392,ZAR CAEN,2021,9,3,2,2
393,ZAR CAEN,2021,10,4,1,2
394,ZAR CAEN,2021,11,4,2,2
395,ZAR CAEN,2021,12,4,2,2
396,ZAR CHALON,2021,1,1,2,2
397,ZAR CHALON,2021,2,1,2,2
398,ZAR CHALON,2021,3,1,2,2
399,ZAR CHALON,2021,4,2,1,1
400,ZAR CHALON,2021,5,2,0,1
401,ZAR CHALON,2021,6,2,0,1
402,ZAR CHALON,2021,7,3,1,1
403,ZAR CHALON,2021,8,3,0,1
404,ZAR CHALON,2021,9,3,0,1
405,ZAR CHALON,2021,10,4,2,2
406,ZAR CHALON,2021,11,4,2,2
407,ZAR CHALON,2021,12,4,2,2
408,ZAR CHARTRES-DREUX,2021,1,1,2,3
409,ZAR CHARTRES-DREUX,2021,2,1,2,3
410,ZAR CHARTRES-DREUX,2021,3,1,3,3
411,ZAR CHARTRES-DREUX,2021,4,2,2,2
412,ZAR CHARTRES-DREUX,2021,5,2,0,2
413,ZAR CHARTRES-DREUX,2021,6,2,2,2
414,ZAR CHARTRES-DREUX,2021,7,3,0,2
415,ZAR CHARTRES-DREUX,2021,8,3,0,2
416,ZAR CHARTRES-DREUX,2021,9,3,2,2
417,ZAR CHARTRES-DREUX,2021,10,4,2,2
418,ZAR CHARTRES-DREUX,2021,11,4,2,2
419,ZAR CHARTRES-DREUX,2021,12,4,2,2
420,ZAR COTE-D-OPALE,2021,1,1,2,3
421,ZAR COTE-D-OPALE,2021,2,1,2,3
422,ZAR COTE-D-OPALE,2021,3,1,3,3
423,ZAR COTE-D-OPALE,2021,4,2,3,3
424,ZAR COTE-D-OPALE,2021,5,2,2,3
425,ZAR COTE-D-OPALE,2021,6,2,2,3
426,ZAR COTE-D-OPALE,2021,7,3,2,2
427,ZAR COTE-D-OPALE,2021,8,3,2,2
428,ZAR COTE-D-OPALE,2021,9,3,2,2
429,ZAR COTE-D-OPALE,2021,10,4,3,3
430,ZAR COTE-D-OPALE,2021,11,4,2,3
431,ZAR COTE-D-OPALE,2021,12,4,2,3
432,ZAR CREIL,2021,1,1,3,3
433,ZAR CREIL,2021,2,1,2,3
434,ZAR CREIL,2021,3,1,3,3
435,ZAR CREIL,2021,4,2,2,2
436,ZAR CREIL,2021,5,2,0,2
437,ZAR CREIL,2021,6,2,0,2
438,ZAR CREIL,2021,7,3,0,1
439,ZAR CREIL,2021,8,3,0,1
440,ZAR CREIL,2021,9,3,1,1
441,ZAR CREIL,2021,10,4,2,2
442,ZAR CREIL,2021,11,4,2,2
443,ZAR CREIL,2021,12,4,2,2
444,ZAR DIEPPE,2021,1,1,2,2
445,ZAR DIEPPE,2021,2,1,2,2
446,ZAR DIEPPE,2021,3,1,2,2
447,ZAR DIEPPE,2021,4,2,3,3
448,ZAR DIEPPE,2021,5,2,1,3
449,ZAR DIEPPE,2021,6,2,1,3
450,ZAR DIEPPE,2021,7,3,1,2
451,ZAR DIEPPE,2021,8,3,0,2
452,ZAR DIEPPE,2021,9,3,2,2
453,ZAR DIEPPE,2021,10,4,1,2
454,ZAR DIEPPE,2021,11,4,2,2
455,ZAR DIEPPE,2021,12,4,2,2
456,ZAR DIJON,2021,1,1,2,2
457,ZAR DIJON,2021,2,1,2,2
458,ZAR DIJON,2021,3,1,2,2
459,ZAR DIJON,2021,4,2,1,1
460,ZAR DIJON,2021,5,2,0,1
461,ZAR DIJON,2021,6,2,1,1
462,ZAR DIJON,2021,7,3,1,1
463,ZAR DIJON,2021,8,3,1,1
464,ZAR DIJON,2021,9,3,1,1
465,ZAR DIJON,2021,10,4,2,2
466,ZAR DIJON,2021,11,4,1,2
467,ZAR DIJON,2021,12,4,2,2
468,ZAR FORT-DE-FRANCE,2021,1,1,2,4
469,ZAR FORT-DE-FRANCE,2021,2,1,4,4
470,ZAR FORT-DE-FRANCE,2021,3,1,1,4
471,ZAR FORT-DE-FRANCE,2021,4,2,3,3
472,ZAR FORT-DE-FRANCE,2021,5,2,2,3
473,ZAR FORT-DE-FRANCE,2021,6,2,2,3
474,ZAR FORT-DE-FRANCE,2021,7,3,4,4
475,ZAR FORT-DE-FRANCE,2021,8,3,3,4
476,ZAR FORT-DE-FRANCE,2021,9,3,4,4
477,ZAR FORT-DE-FRANCE,2021,10,4,2,2
478,ZAR FORT-DE-FRANCE,2021,11,4,2,2
479,ZAR FORT-DE-FRANCE,2021,12,4,2,2
480,ZAR FREJUS-DRAGUIGNAN,2021,1,1,3,3
481,ZAR FREJUS-DRAGUIGNAN,2021,2,1,2,3
482,ZAR FREJUS-DRAGUIGNAN,2021,3,1,2,3
483,ZAR FREJUS-DRAGUIGNAN,2021,4,2,1,1
484,ZAR FREJUS-DRAGUIGNAN,2021,5,2,0,1
485,ZAR FREJUS-DRAGUIGNAN,2021,6,2,0,1
486,ZAR FREJUS-DRAGUIGNAN,2021,7,3,0,1
487,ZAR FREJUS-DRAGUIGNAN,2021,8,3,1,1
488,ZAR FREJUS-DRAGUIGNAN,2021,9,3,0,1
489,ZAR FREJUS-DRAGUIGNAN,2021,10,4,0,2
490,ZAR FREJUS-DRAGUIGNAN,2021,11,4,1,2
491,ZAR FREJUS-DRAGUIGNAN,2021,12,4,2,2
492,ZAR ILE-DE-CAYENNE,2021,1,1,2,4
493,ZAR ILE-DE-CAYENNE,2021,2,1,4,4
494,ZAR ILE-DE-CAYENNE,2021,3,1,2,4
495,ZAR ILE-DE-CAYENNE,2021,4,2,2,2
496,ZAR ILE-DE-CAYENNE,2021,5,2,2,2
497,ZAR ILE-DE-CAYENNE,2021,6,2,2,2
498,ZAR ILE-DE-CAYENNE,2021,7,3,2,2
499,ZAR ILE-DE-CAYENNE,2021,8,3,0,2
500,ZAR ILE-DE-CAYENNE,2021,9,3,0,2
501,ZAR ILE-DE-CAYENNE,2021,10,4,2,2
502,ZAR ILE-DE-CAYENNE,2021,11,4,0,2
503,ZAR ILE-DE-CAYENNE,2021,12,4,1,2
504,ZAR LAVAL,2021,1,1,2,2
505,ZAR LAVAL,2021,2,1,0,2
506,ZAR LAVAL,2021,3,1,1,2
507,ZAR LAVAL,2021,4,2,2,2
508,ZAR LAVAL,2021,5,2,0,2
509,ZAR LAVAL,2021,6,2,0,2
510,ZAR LAVAL,2021,7,3,0,0
511,ZAR LAVAL,2021,8,3,0,0
512,ZAR LAVAL,2021,9,3,0,0
513,ZAR LAVAL,2021,10,4,0,1
514,ZAR LAVAL,2021,11,4,1,1
515,ZAR LAVAL,2021,12,4,1,1
516,ZAR LE-HAVRE,2021,1,1,4,4
517,ZAR LE-HAVRE,2021,2,1,2,4
518,ZAR LE-HAVRE,2021,3,1,2,4
519,ZAR LE-HAVRE,2021,4,2,2,2
520,ZAR LE-HAVRE,2021,5,2,2,2
521,ZAR LE-HAVRE,2021,6,2,2,2
522,ZAR LE-HAVRE,2021,7,3,1,2
523,ZAR LE-HAVRE,2021,8,3,0,2
524,ZAR LE-HAVRE,2021,9,3,2,2
525,ZAR LE-HAVRE,2021,10,4,2,2
526,ZAR LE-HAVRE,2021,11,4,2,2
527,ZAR LE-HAVRE,2021,12,4,2,2
528,ZAR LE-MANS,2021,1,1,2,2
529,ZAR LE-MANS,2021,2,1,1,2
530,ZAR LE-MANS,2021,3,1,2,2
531,ZAR LE-MANS,2021,4,2,3,3
532,ZAR LE-MANS,2021,5,2,0,3
533,ZAR LE-MANS,2021,6,2,0,3
534,ZAR LE-MANS,2021,7,3,0,0
535,ZAR LE-MANS,2021,8,3,0,0
536,ZAR LE-MANS,2021,9,3,0,0
537,ZAR LE-MANS,2021,10,4,2,2
538,ZAR LE-MANS,2021,11,4,2,2
539,ZAR LE-MANS,2021,12,4,2,2
540,ZAR LIMOGES,2021,1,1,2,2
541,ZAR LIMOGES,2021,2,1,2,2
542,ZAR LIMOGES,2021,3,1,2,2
543,ZAR LIMOGES,2021,4,2,2,2
544,ZAR LIMOGES,2021,5,2,0,2
545,ZAR LIMOGES,2021,6,2,0,2
546,ZAR LIMOGES,2021,7,3,1,2
547,ZAR LIMOGES,2021,8,3,0,2
548,ZAR LIMOGES,2021,9,3,2,2
549,ZAR LIMOGES,2021,10,4,0,2
550,ZAR LIMOGES,2021,11,4,2,2
551,ZAR LIMOGES,2021,12,4,2,2
552,ZAR MOULINS,2021,1,1,2,2
553,ZAR MOULINS,2021,2,1,2,2
554,ZAR MOULINS,2021,3,1,2,2
555,ZAR MOULINS,2021,4,2,2,2
556,ZAR MOULINS,2021,5,2,0,2
557,ZAR MOULINS,2021,6,2,0,2
558,ZAR MOULINS,2021,7,3,1,1
559,ZAR MOULINS,2021,8,3,0,1
560,ZAR MOULINS,2021,9,3,0,1
561,ZAR MOULINS,2021,10,4,2,2
562,ZAR MOULINS,2021,11,4,2,2
563,ZAR MOULINS,2021,12,4,2,2
564,ZAR NIMES,2021,1,1,1,2
565,ZAR NIMES,2021,2,1,2,2
566,ZAR NIMES,2021,3,1,2,2
567,ZAR NIMES,2021,4,2,0,2
568,ZAR NIMES,2021,5,2,0,2
569,ZAR NIMES,2021,6,2,2,2
570,ZAR NIMES,2021,7,3,1,1
571,ZAR NIMES,2021,8,3,0,1
572,ZAR NIMES,2021,9,3,0,1
573,ZAR NIMES,2021,10,4,0,2
574,ZAR NIMES,2021,11,4,2,2
575,ZAR NIMES,2021,12,4,2,2
576,ZAR NIORT,2021,1,1,3,3
577,ZAR NIORT,2021,2,1,2,3
578,ZAR NIORT,2021,3,1,2,3
579,ZAR NIORT,2021,4,2,0,0
580,ZAR NIORT,2021,5,2,0,0
581,ZAR NIORT,2021,6,2,0,0
582,ZAR NIORT,2021,7,3,1,1
583,ZAR NIORT,2021,8,3,0,1
584,ZAR NIORT,2021,9,3,0,1
585,ZAR NIORT,2021,10,4,0,3
586,ZAR NIORT,2021,11,4,3,3
587,ZAR NIORT,2021,12,4,0,3
588,ZAR PAYS-DE-SAVOIE,2021,1,1,2,3
589,ZAR PAYS-DE-SAVOIE,2021,2,1,3,3
590,ZAR PAYS-DE-SAVOIE,2021,3,1,2,3
591,ZAR PAYS-DE-SAVOIE,2021,4,2,1,2
592,ZAR PAYS-DE-SAVOIE,2021,5,2,2,2
593,ZAR PAYS-DE-SAVOIE,2021,6,2,2,2
594,ZAR PAYS-DE-SAVOIE,2021,7,3,2,2
595,ZAR PAYS-DE-SAVOIE,2021,8,3,1,2
596,ZAR PAYS-DE-SAVOIE,2021,9,3,2,2
597,ZAR PAYS-DE-SAVOIE,2021,10,4,2,2
598,ZAR PAYS-DE-SAVOIE,2021,11,4,2,2
599,ZAR PAYS-DE-SAVOIE,2021,12,4,2,2
600,ZAR PERPIGNAN,2021,1,1,2,2
601,ZAR PERPIGNAN,2021,2,1,2,2
602,ZAR PERPIGNAN,2021,3,1,2,2
603,ZAR PERPIGNAN,2021,4,2,1,2
604,ZAR PERPIGNAN,2021,5,2,2,2
605,ZAR PERPIGNAN,2021,6,2,1,2
606,ZAR PERPIGNAN,2021,7,3,2,2
607,ZAR PERPIGNAN,2021,8,3,1,2
608,ZAR PERPIGNAN,2021,9,3,2,2
609,ZAR PERPIGNAN,2021,10,4,1,2
610,ZAR PERPIGNAN,2021,11,4,1,2
611,ZAR PERPIGNAN,2021,12,4,2,2
612,ZAR POITIERS,2021,1,1,2,3
613,ZAR POITIERS,2021,2,1,2,3
614,ZAR POITIERS,2021,3,1,3,3
615,ZAR POITIERS,2021,4,2,1,1
616,ZAR POITIERS,2021,5,2,0,1
617,ZAR POITIERS,2021,6,2,0,1
618,ZAR POITIERS,2021,7,3,1,1
619,ZAR POITIERS,2021,8,3,0,1
620,ZAR POITIERS,2021,9,3,0,1
621,ZAR POITIERS,2021,10,4,1,2
622,ZAR POITIERS,2021,11,4,2,2
623,ZAR POITIERS,2021,12,4,2,2
624,ZAR REIMS,2021,1,1,2,3
625,ZAR REIMS,2021,2,1,2,3
626,ZAR REIMS,2021,3,1,3,3
627,ZAR REIMS,2021,4,2,2,2
628,ZAR REIMS,2021,5,2,1,2
629,ZAR REIMS,2021,6,2,1,2
630,ZAR REIMS,2021,7,3,1,2
631,ZAR REIMS,2021,8,3,2,2
632,ZAR REIMS,2021,9,3,0,2
633,ZAR REIMS,2021,10,4,2,2
634,ZAR REIMS,2021,11,4,2,2
635,ZAR REIMS,2021,12,4,2,2
636,ZAR SAINT-DENIS,2021,1,1,2,2
637,ZAR SAINT-DENIS,2021,2,1,0,2
638,ZAR SAINT-DENIS,2021,3,1,0,2
639,ZAR SAINT-DENIS,2021,4,2,0,0
640,ZAR SAINT-DENIS,2021,5,2,0,0
641,ZAR SAINT-DENIS,2021,6,2,0,0
642,ZAR SAINT-DENIS,2021,7,3,0,0
643,ZAR SAINT-DENIS,2021,8,3,0,0
644,ZAR SAINT-DENIS,2021,9,3,0,0
645,ZAR SAINT-DENIS,2021,10,4,0,0
646,ZAR SAINT-DENIS,2021,11,4,0,0
647,ZAR SAINT-DENIS,2021,12,4,0,0
648,ZAR VALLEE-DE-L-ARVE,2021,1,1,4,4
649,ZAR VALLEE-DE-L-ARVE,2021,2,1,3,4
650,ZAR VALLEE-DE-L-ARVE,2021,3,1,2,4
651,ZAR VALLEE-DE-L-ARVE,2021,4,2,2,2
652,ZAR VALLEE-DE-L-ARVE,2021,5,2,0,2
653,ZAR VALLEE-DE-L-ARVE,2021,6,2,2,2
654,ZAR VALLEE-DE-L-ARVE,2021,7,3,3,3
655,ZAR VALLEE-DE-L-ARVE,2021,8,3,0,3
656,ZAR VALLEE-DE-L-ARVE,2021,9,3,0,3
657,ZAR VALLEE-DE-L-ARVE,2021,10,4,2,4
658,ZAR VALLEE-DE-L-ARVE,2021,11,4,3,4
659,ZAR VALLEE-DE-L-ARVE,2021,12,4,4,4
660,ZAR VALLEE-DE-LA-TARANTAISE,2021,1,1,2,3
661,ZAR VALLEE-DE-LA-TARANTAISE,2021,2,1,3,3
662,ZAR VALLEE-DE-LA-TARANTAISE,2021,3,1,2,3
663,ZAR VALLEE-DE-LA-TARANTAISE,2021,4,2,2,3
664,ZAR VALLEE-DE-LA-TARANTAISE,2021,5,2,1,3
665,ZAR VALLEE-DE-LA-TARANTAISE,2021,6,2,3,3
666,ZAR VALLEE-DE-LA-TARANTAISE,2021,7,3,1,1
667,ZAR VALLEE-DE-LA-TARANTAISE,2021,8,3,1,1
668,ZAR VALLEE-DE-LA-TARANTAISE,2021,9,3,0,1
669,ZAR VALLEE-DE-LA-TARANTAISE,2021,10,4,0,2
670,ZAR VALLEE-DE-LA-TARANTAISE,2021,11,4,2,2
671,ZAR VALLEE-DE-LA-TARANTAISE,2021,12,4,2,2
672,ZAR VALLEE-DU-RHONE,2021,1,1,2,3
673,ZAR VALLEE-DU-RHONE,2021,2,1,3,3
674,ZAR VALLEE-DU-RHONE,2021,3,1,2,3
675,ZAR VALLEE-DU-RHONE,2021,4,2,3,3
676,ZAR VALLEE-DU-RHONE,2021,5,2,1,3
677,ZAR VALLEE-DU-RHONE,2021,6,2,2,3
678,ZAR VALLEE-DU-RHONE,2021,7,3,2,2
679,ZAR VALLEE-DU-RHONE,2021,8,3,2,2
680,ZAR VALLEE-DU-RHONE,2021,9,3,1,2
681,ZAR VALLEE-DU-RHONE,2021,10,4,1,3
682,ZAR VALLEE-DU-RHONE,2021,11,4,2,3
683,ZAR VALLEE-DU-RHONE,2021,12,4,3,3
684,ZAR VOLCAN,2021,1,1,0,0
685,ZAR VOLCAN,2021,2,1,0,0
686,ZAR VOLCAN,2021,3,1,0,0
687,ZAR VOLCAN,2021,4,2,0,1
688,ZAR VOLCAN,2021,5,2,1,1
689,ZAR VOLCAN,2021,6,2,0,1
690,ZAR VOLCAN,2021,7,3,0,0
691,ZAR VOLCAN,2021,8,3,0,0
692,ZAR VOLCAN,2021,9,3,0,0
693,ZAR VOLCAN,2021,10,4,1,1
694,ZAR VOLCAN,2021,11,4,1,1
695,ZAR VOLCAN,2021,12,4,0,1
696,ZR AUVERGNE-RHONE-ALPES,2021,1,1,2,3
697,ZR AUVERGNE-RHONE-ALPES,2021,2,1,3,3
698,ZR AUVERGNE-RHONE-ALPES,2021,3,1,3,3
699,ZR AUVERGNE-RHONE-ALPES,2021,4,2,4,4
700,ZR AUVERGNE-RHONE-ALPES,2021,5,2,2,4
701,ZR AUVERGNE-RHONE-ALPES,2021,6,2,2,4
702,ZR AUVERGNE-RHONE-ALPES,2021,7,3,2,2
703,ZR AUVERGNE-RHONE-ALPES,2021,8,3,1,2
704,ZR AUVERGNE-RHONE-ALPES,2021,9,3,2,2
705,ZR AUVERGNE-RHONE-ALPES,2021,10,4,2,3
706,ZR AUVERGNE-RHONE-ALPES,2021,11,4,2,3
707,ZR AUVERGNE-RHONE-ALPES,2021,12,4,3,3
708,ZR BOURGOGNE-FRANCHE-COMTE,2021,1,1,2,4
709,ZR BOURGOGNE-FRANCHE-COMTE,2021,2,1,4,4
710,ZR BOURGOGNE-FRANCHE-COMTE,2021,3,1,2,4
711,ZR BOURGOGNE-FRANCHE-COMTE,2021,4,2,2,2
712,ZR BOURGOGNE-FRANCHE-COMTE,2021,5,2,1,2
713,ZR BOURGOGNE-FRANCHE-COMTE,2021,6,2,1,2
714,ZR BOURGOGNE-FRANCHE-COMTE,2021,7,3,1,1
715,ZR BOURGOGNE-FRANCHE-COMTE,2021,8,3,0,1
716,ZR BOURGOGNE-FRANCHE-COMTE,2021,9,3,1,1
717,ZR BOURGOGNE-FRANCHE-COMTE,2021,10,4,0,4
718,ZR BOURGOGNE-FRANCHE-COMTE,2021,11,4,2,4
719,ZR BOURGOGNE-FRANCHE-COMTE,2021,12,4,4,4
720,ZR BRETAGNE,2021,1,1,3,3
721,ZR BRETAGNE,2021,2,1,3,3
722,ZR BRETAGNE,2021,3,1,2,3
723,ZR BRETAGNE,2021,4,2,2,2
724,ZR BRETAGNE,2021,5,2,2,2
725,ZR BRETAGNE,2021,6,2,1,2
726,ZR BRETAGNE,2021,7,3,1,2
727,ZR BRETAGNE,2021,8,3,1,2
728,ZR BRETAGNE,2021,9,3,2,2
729,ZR BRETAGNE,2021,10,4,2,2
730,ZR BRETAGNE,2021,11,4,2,2
731,ZR BRETAGNE,2021,12,4,2,2
732,ZR CENTRE-VAL DE LOIRE,2021,1,1,3,3
733,ZR CENTRE-VAL DE LOIRE,2021,2,1,2,3
734,ZR CENTRE-VAL DE LOIRE,2021,3,1,3,3
735,ZR CENTRE-VAL DE LOIRE,2021,4,2,3,3
736,ZR CENTRE-VAL DE LOIRE,2021,5,2,0,3
737,ZR CENTRE-VAL DE LOIRE,2021,6,2,1,3
738,ZR CENTRE-VAL DE LOIRE,2021,7,3,2,2
739,ZR CENTRE-VAL DE LOIRE,2021,8,3,0,2
740,ZR CENTRE-VAL DE LOIRE,2021,9,3,1,2
741,ZR CENTRE-VAL DE LOIRE,2021,10,4,2,3
742,ZR CENTRE-VAL DE LOIRE,2021,11,4,3,3
743,ZR CENTRE-VAL DE LOIRE,2021,12,4,2,3
744,ZR CORSE,2021,1,1,0,3
745,ZR CORSE,2021,2,1,3,3
746,ZR CORSE,2021,3,1,1,3
747,ZR CORSE,2021,4,2,1,3
748,ZR CORSE,2021,5,2,1,3
749,ZR CORSE,2021,6,2,3,3
750,ZR CORSE,2021,7,3,2,2
751,ZR CORSE,2021,8,3,2,2
752,ZR CORSE,2021,9,3,2,2
753,ZR CORSE,2021,10,4,1,1
754,ZR CORSE,2021,11,4,0,1
755,ZR CORSE,2021,12,4,0,1
756,ZR GRAND-EST,2021,1,1,2,3
757,ZR GRAND-EST,2021,2,1,3,3
758,ZR GRAND-EST,2021,3,1,3,3
759,ZR GRAND-EST,2021,4,2,3,3
760,ZR GRAND-EST,2021,5,2,2,3
761,ZR GRAND-EST,2021,6,2,2,3
762,ZR GRAND-EST,2021,7,3,2,2
763,ZR GRAND-EST,2021,8,3,2,2
764,ZR GRAND-EST,2021,9,3,1,2
765,ZR GRAND-EST,2021,10,4,2,3
766,ZR GRAND-EST,2021,11,4,2,3
767,ZR GRAND-EST,2021,12,4,3,3
768,ZR GUADELOUPE,2021,1,1,0,2
769,ZR GUADELOUPE,2021,2,1,2,2
770,ZR GUADELOUPE,2021,3,1,1,2
771,ZR GUADELOUPE,2021,4,2,2,2
772,ZR GUADELOUPE,2021,5,2,2,2
773,ZR GUADELOUPE,2021,6,2,2,2
774,ZR GUADELOUPE,2021,7,3,2,2
775,ZR GUADELOUPE,2021,8,3,2,2
776,ZR GUADELOUPE,2021,9,3,2,2
777,ZR GUADELOUPE,2021,10,4,2,2
778,ZR GUADELOUPE,2021,11,4,0,2
779,ZR GUADELOUPE,2021,12,4,0,2
780,ZR GUYANE,2021,1,1,2,4
781,ZR GUYANE,2021,2,1,4,4
782,ZR GUYANE,2021,3,1,2,4
783,ZR GUYANE,2021,4,2,2,2
784,ZR GUYANE,2021,5,2,2,2
785,ZR GUYANE,2021,6,2,2,2
786,ZR GUYANE,2021,7,3,0,0
787,ZR GUYANE,2021,8,3,0,0
788,ZR GUYANE,2021,9,3,0,0
789,ZR GUYANE,2021,10,4,0,1
790,ZR GUYANE,2021,11,4,0,1
791,ZR GUYANE,2021,12,4,1,1
792,ZR HAUTS-DE-FRANCE,2021,1,1,3,3
793,ZR HAUTS-DE-FRANCE,2021,2,1,2,3
794,ZR HAUTS-DE-FRANCE,2021,3,1,2,3
795,ZR HAUTS-DE-FRANCE,2021,4,2,3,3
796,ZR HAUTS-DE-FRANCE,2021,5,2,2,3
797,ZR HAUTS-DE-FRANCE,2021,6,2,2,3
798,ZR HAUTS-DE-FRANCE,2021,7,3,2,3
799,ZR HAUTS-DE-FRANCE,2021,8,3,2,3
800,ZR HAUTS-DE-FRANCE,2021,9,3,3,3
801,ZR HAUTS-DE-FRANCE,2021,10,4,2,2
802,ZR HAUTS-DE-FRANCE,2021,11,4,2,2
803,ZR HAUTS-DE-FRANCE,2021,12,4,2,2
804,ZR ILE-DE-FRANCE,2021,1,1,3,3
805,ZR ILE-DE-FRANCE,2021,2,1,2,3
806,ZR ILE-DE-FRANCE,2021,3,1,2,3
807,ZR ILE-DE-FRANCE,2021,4,2,2,2
808,ZR ILE-DE-FRANCE,2021,5,2,0,2
809,ZR ILE-DE-FRANCE,2021,6,2,1,2
810,ZR ILE-DE-FRANCE,2021,7,3,0,2
811,ZR ILE-DE-FRANCE,2021,8,3,0,2
812,ZR ILE-DE-FRANCE,2021,9,3,2,2
813,ZR ILE-DE-FRANCE,2021,10,4,2,2
814,ZR ILE-DE-FRANCE,2021,11,4,2,2
815,ZR ILE-DE-FRANCE,2021,12,4,2,2
816,ZR LA REUNION,2021,1,1,4,4
817,ZR LA REUNION,2021,2,1,0,4
818,ZR LA REUNION,2021,3,1,0,4
819,ZR LA REUNION,2021,4,2,0,0
820,ZR LA REUNION,2021,5,2,0,0
821,ZR LA REUNION,2021,6,2,0,0
822,ZR LA REUNION,2021,7,3,0,0
823,ZR LA REUNION,2021,8,3,0,0
824,ZR LA REUNION,2021,9,3,0,0
825,ZR LA REUNION,2021,10,4,0,0
826,ZR LA REUNION,2021,11,4,0,0
827,ZR LA REUNION,2021,12,4,0,0
828,ZR MARTINIQUE,2021,1,1,2,4
829,ZR MARTINIQUE,2021,2,1,4,4
830,ZR MARTINIQUE,2021,3,1,1,4
831,ZR MARTINIQUE,2021,4,2,3,3
832,ZR MARTINIQUE,2021,5,2,2,3
833,ZR MARTINIQUE,2021,6,2,2,3
834,ZR MARTINIQUE,2021,7,3,2,2
835,ZR MARTINIQUE,2021,8,3,2,2
836,ZR MARTINIQUE,2021,9,3,2,2
837,ZR MARTINIQUE,2021,10,4,2,2
838,ZR MARTINIQUE,2021,11,4,0,2
839,ZR MARTINIQUE,2021,12,4,0,2
840,ZR MAYOTTE,2021,1,1,1,2
841,ZR MAYOTTE,2021,2,1,2,2
842,ZR MAYOTTE,2021,3,1,0,2
843,ZR MAYOTTE,2021,4,2,0,1
844,ZR MAYOTTE,2021,5,2,0,1
845,ZR MAYOTTE,2021,6,2,1,1
846,ZR MAYOTTE,2021,7,3,2,2
847,ZR MAYOTTE,2021,8,3,2,2
848,ZR MAYOTTE,2021,9,3,2,2
849,ZR MAYOTTE,2021,10,4,2,3
850,ZR MAYOTTE,2021,11,4,3,3
851,ZR MAYOTTE,2021,12,4,2,3
852,ZR NORMANDIE,2021,1,1,2,2
853,ZR NORMANDIE,2021,2,1,2,2
854,ZR NORMANDIE,2021,3,1,2,2
855,ZR NORMANDIE,2021,4,2,2,2
856,ZR NORMANDIE,2021,5,2,2,2
857,ZR NORMANDIE,2021,6,2,1,2
858,ZR NORMANDIE,2021,7,3,2,2
859,ZR NORMANDIE,2021,8,3,0,2
860,ZR NORMANDIE,2021,9,3,2,2
861,ZR NORMANDIE,2021,10,4,2,2
862,ZR NORMANDIE,2021,11,4,2,2
863,ZR NORMANDIE,2021,12,4,2,2
864,ZR NOUVELLE-AQUITAINE,2021,1,1,4,4
865,ZR NOUVELLE-AQUITAINE,2021,2,1,4,4
866,ZR NOUVELLE-AQUITAINE,2021,3,1,3,4
867,ZR NOUVELLE-AQUITAINE,2021,4,2,2,3
868,ZR NOUVELLE-AQUITAINE,2021,5,2,3,3
869,ZR NOUVELLE-AQUITAINE,2021,6,2,3,3
870,ZR NOUVELLE-AQUITAINE,2021,7,3,2,2
871,ZR NOUVELLE-AQUITAINE,2021,8,3,2,2
872,ZR NOUVELLE-AQUITAINE,2021,9,3,1,2
873,ZR NOUVELLE-AQUITAINE,2021,10,4,1,4
874,ZR NOUVELLE-AQUITAINE,2021,11,4,2,4
875,ZR NOUVELLE-AQUITAINE,2021,12,4,4,4
876,ZR OCCITANIE,2021,1,1,4,4
877,ZR OCCITANIE,2021,2,1,2,4
878,ZR OCCITANIE,2021,3,1,3,4
879,ZR OCCITANIE,2021,4,2,2,2
880,ZR OCCITANIE,2021,5,2,1,2
881,ZR OCCITANIE,2021,6,2,2,2
882,ZR OCCITANIE,2021,7,3,1,1
883,ZR OCCITANIE,2021,8,3,1,1
884,ZR OCCITANIE,2021,9,3,1,1
885,ZR OCCITANIE,2021,10,4,1,3
886,ZR OCCITANIE,2021,11,4,2,3
887,ZR OCCITANIE,2021,12,4,3,3
888,ZR PAYS-DE-LA-LOIRE,2021,1,1,2,2
889,ZR PAYS-DE-LA-LOIRE,2021,2,1,2,2
890,ZR PAYS-DE-LA-LOIRE,2021,3,1,2,2
891,ZR PAYS-DE-LA-LOIRE,2021,4,2,3,3
892,ZR PAYS-DE-LA-LOIRE,2021,5,2,0,3
893,ZR PAYS-DE-LA-LOIRE,2021,6,2,0,3
894,ZR PAYS-DE-LA-LOIRE,2021,7,3,0,1
895,ZR PAYS-DE-LA-LOIRE,2021,8,3,0,1
896,ZR PAYS-DE-LA-LOIRE,2021,9,3,1,1
897,ZR PAYS-DE-LA-LOIRE,2021,10,4,1,2
898,ZR PAYS-DE-LA-LOIRE,2021,11,4,2,2
899,ZR PAYS-DE-LA-LOIRE,2021,12,4,2,2
900,ZR PROVENCE-ALPES-COTE-D-AZUR,2021,1,1,2,4
901,ZR PROVENCE-ALPES-COTE-D-AZUR,2021,2,1,4,4
902,ZR PROVENCE-ALPES-COTE-D-AZUR,2021,3,1,2,4
903,ZR PROVENCE-ALPES-COTE-D-AZUR,2021,4,2,2,2
904,ZR PROVENCE-ALPES-COTE-D-AZUR,2021,5,2,1,2
905,ZR PROVENCE-ALPES-COTE-D-AZUR,2021,6,2,2,2
906,ZR PROVENCE-ALPES-COTE-D-AZUR,2021,7,3,2,2
907,ZR PROVENCE-ALPES-COTE-D-AZUR,2021,8,3,2,2
908,ZR PROVENCE-ALPES-COTE-D-AZUR,2021,9,3,2,2
909,ZR PROVENCE-ALPES-COTE-D-AZUR,2021,10,4,1,2
910,ZR PROVENCE-ALPES-COTE-D-AZUR,2021,11,4,2,2
911,ZR PROVENCE-ALPES-COTE-D-AZUR,2021,12,4,2,2
